NB500947:152:HCJ53BGXY:1:11101:18626:1047 1:N:0:GTTTCG,AGGGCTTCCAAATNTCCCTTTGCCANTTCCACAAGAACAGCCTTAGCGAAANGCTTCTTGNAGGGAAAGANGNANCNNNGNNNNAN
NB500947:152:HCJ53BGXY:1:11101:8926:1047 1:N:0:GTTTCG,TTCCAAATATCCCNTTGCCAATTCCNCAAGAACAGACTTAGCGAAAGGCTTNTTGAAGGGNAAGATGTAANTNTNTNNNANNNNTN
NB500947:152:HCJ53BGXY:1:11101:8595:1047 1:N:0:GTTTCG,AATTAACAGAACANAGAGCAGTTTCNCAGAAAGCTTCTTTCCAGTTTTGAANGGAAGATANTTCCTTTTTNACCNTNNNCNNNNAN
NB500947:152:HCJ53BGXY:1:11101:5617:1048 1:N:0:GTTTCG,GCCATGAGGAACTNTTTGTGCATTTCCTGCGCTGCCCCCAGGTGGAAATTGNCACTAGTCNCGTCAAATGNGAANGNNNCNNNNGN
NB500947:152:HCJ53BGXY:1:11101:19354:1048 1:N:0:GTTTCG,GCTTCTCCGGGATNGGTCGCGTTACCGCACTGGACGCCTCGCGGCGCCCATNTCCGCCACNCCGGATTCGNGGATCNNAANNCNAC
NB500947:152:HCJ53BGXY:1:11101:25252:1048 1:N:0:GTTTCG,GTTCAAAACTGGANAGAAGCTTTCTGAGAAACTGCTCTGTGTTCTGTGAATNCATCTCACNGAGTTACATNTTTCCNNTCNNGNAG
NB500947:152:HCJ53BGXY:1:11101:7648:1049 1:N:0:GTTTCG,CTTCAAGAAGCCTNTCTCTAAGGCTGTTCTTGTGGAATTGGCAAAGGGATANTTGGAAGCNCATAGAGGCNTATGGNNAANNANGA
NB500947:152:HCJ53BGXY:1:11101:25944:1049 1:N:0:GTTTCG,GTCTCGCTATGTTNCCCAGGCTGGAGTGCAGTGGCTATTCACAGGCGCGATNCCACTACTNATCAGCACGNGAGTTNNGANNTNCT
NB500947:152:HCJ53BGXY:1:11101:10931:1049 1:N:0:GTTTCG,CTCTGCCAGGCTTNGGTATCAGGATGATGTTGGCCTCATAAAATGAGTTAGNGAGGATTCNCTCTTTTTCNATTGANNGGNNTNGT
NB500947:152:HCJ53BGXY:1:11101:9273:1049 1:N:0:GTTTCG,GGAAGATATTTCCNTTTTCACCGTAGCCCTTTATGGGCTTCCAAATATCCCNTTGCCAATTCCACAAGAANAGCCTNNGCNNANGG
NB500947:152:HCJ53BGXY:1:11101:22249:1049 1:N:0:GTTTCG,GCCTTAGCGAAAGNCTTCTTGAAGGAAGAGATGTAACTCTGCTAGATGAATNAACAGAACACAGAGCAGTNTCTCANAAANNTNCT
NB500947:152:HCJ53BGXY:1:11101:25179:1050 1:N:0:GTTTCG,CTTAATTCATCTCACAGAGTTACATCTTTCAATTAAAGAATCCTGTCGCTAAGGCTGTTCTTGTGGAATAGGAAAANTTANNTTTT
NB500947:152:HCJ53BGXY:1:11101:13454:1050 1:N:0:GTTTCG,CGGAAGATATTTCCTTTTTCACCATAGCCCTCTATGGGCTTCCAAATATCCCTTTGCCAATTCCACAAGAACAGCCNTAGNNAAAG
NB500947:152:HCJ53BGXY:1:11101:4965:1050 1:N:0:GTTTCG,GGAAGCTTCTTTCCAGTTTTGAAAGGAAGATACTTCCTTTTTCCCATAGCGCTCTATGGGCTTCCAAATATACCTTNTCCNNTTCA
NB500947:152:HCJ53BGXY:1:11101:14109:1051 1:N:0:GTTTCG,ACAAGAACAGCCTTAGCGAAAGGCTTCTTGAAGGGAAAGATATAACTCTGTGAGATGAATTAACAGAACACGGAGCAGTTNCTCAG
NB500947:152:HCJ53BGXY:1:11101:23755:1051 1:N:0:GTTTCG,ATGGTGAAAAAGGAAATATCTTCCGTTCAAAACTGGAAAGAAGCTTTCTGAAAAACTGCTCTGTGTTCTGTTAATTCATCNCACAG
NB500947:152:HCJ53BGXY:1:11101:14158:1052 1:N:0:GTTTCG,CTTTCCCTTCAAGAAGCCTTTCGCTAAGGCTGTTCTTGTGGAATTGGCAAAGGGATATTTGGAAGCCCATAGAGGGCTATNGTGAA
NB500947:152:HCJ53BGXY:1:11101:4923:1052 1:N:0:GTTTCG,TGGGCTTCCAAACATCCCGTTGCCAATTCCACAAGAACAGCCTTAGCGAAAGGCTTCTTGAATTGATAGCTGTAACTCTGNGAGAT
NB500947:152:HCJ53BGXY:1:11101:24698:1052 1:N:0:GTTTCG,GTGGAAGCCCTTAGAGGGCTATGGTGAAAAAGGAAATATCTTCCGTTCAAAACTGGAAAGAAGCTTTCTGAGAAACTGCTNTGTGT
NB500947:152:HCJ53BGXY:1:11101:17094:1052 1:N:0:GTTTCG,AGAAGCCTTTCGCCCTTTCGCTAAGGCTGTTCTTGTGGAATTGGCAAAGGGATATTTCTACGCCCATAGAGGGCTATGGTNAAAGC
NB500947:152:HCJ53BGXY:1:11101:1605:1052 1:N:0:GTTTCG,GTTCAAAACTGGAAAGAAGCTTTCTGAGAAACTGCTCTGTGTTGTTTTAATTAATCTCACAGAGATACATTAATCACTACNTTAAG
NB500947:152:HCJ53BGXY:1:11101:11303:1053 1:N:0:GTTTCG,TGGGCTTCCAAATATCCCTTTGCCAATTCCACAAGAACAGCCTTAGCGAAAGGCTTCTTGAAGGGAAAGATGTAACTCTGNGAGAT
NB500947:152:HCJ53BGXY:1:11101:5511:1054 1:N:0:GTTTCG,GAAAAAGGAAATATCTTCCATTTAAAACTGGAAAGAAGCTTTCTGAGAAACTGCTCTGTGTTCTGTTAATTCATCTCACAGAGATA
NB500947:152:HCJ53BGXY:1:11101:22983:1054 1:N:0:GTTTCG,GGCCTCACTAAACCATCCAATCGGTAGTAGCGACGGGCGGTGTGTACAAAGGGCAGGGACTTAATCAACGCAAGCTTATGACCCGC
NB500947:152:HCJ53BGXY:1:11101:12755:1054 1:N:0:GTTTCG,CTTTCCACTTTTGAACGGAAGATATTTCCTTTTTCACCATAGCCCTCTATGGGCTTCCAAATATCCCTTTGCCAATTCCACAAGAA
NB500947:152:HCJ53BGXY:1:11101:17724:1055 1:N:0:GTTTCG,TGTATACCCAGTAATGGGATGGCTGGGTCAAATGGTATTTCTAGTTCTAGATCCTTGAGGAATCGCCACACTGTCTTCCACAATGG
NB500947:152:HCJ53BGXY:1:11101:14710:1055 1:N:0:GTTTCG,GAAGCCTTTCGCTAAGGCTGTTCTTGTGGAGTTGGCAAAGGGATATTTGGAAACACGTAGCGAACTAGGGTGAAATGGCAAAGATC
NB500947:152:HCJ53BGXY:1:11101:15123:1055 1:N:0:GTTTCG,GCTGGGCATGGTGGTGCATGCCTGTAATCCCAGCTACTCAGGAGGCTGAGGCAGGAGAATCGCTTTAACCCAGGAGGCAGGGGTTG
NB500947:152:HCJ53BGXY:1:11101:14619:1055 1:N:0:GTTTCG,CTCAGAAAGCTTCTTTCCAGTTTTGAACGGAAGATATTTCCTTTTTCACCATAGCCCTCTATGGGCTTCCAAATATCCCTTATCGA
NB500947:152:HCJ53BGXY:1:11101:15315:1055 1:N:0:GTTTCG,CTATTATTATTTTTTAAATTCCATAACAGCTGGGCGTGATGGCTCATGCCTGTAATCCCAGCATTTTGGGAGGCCAAGGTGGGTGG
NB500947:152:HCJ53BGXY:1:11101:13341:1056 1:N:0:GTTTCG,GCCTTAGCGAAAGGCTTCTTGAAGGGAAAGATGTAACTCTGTGAGATGAATTAACAGAACACAGAGCAGTTTCTCAGAAAGCTTCT
NB500947:152:HCJ53BGXY:1:11101:12118:1057 1:N:0:GTTTCG,CGAGCCGACAAGAAAAAATGTGCACGAACTGCGAAGGTATTCATGGACAGGGGAACTCTCCCGGACATTAGAAGTTGGGAAGACCT
NB500947:152:HCJ53BGXY:1:11101:15951:1057 1:N:0:GTTTCG,CTGGCAAGCCCCAGGATGAATGCCAACGCAATGAGTGGACATTTCCCGTCTGTCGAGGAGCTCAGCCTGGGGATGGCTCGGATGAA
NB500947:152:HCJ53BGXY:1:11101:13756:1057 1:N:0:GTTTCG,TGAAAAAGGAAATATCTTCCGTTCAAAACTGGAAAGAAGCTTTCTGAGAAACTGCTCTGTGTTCTGTTAATTCATCTCACAGAGTT
NB500947:152:HCJ53BGXY:1:11101:9641:1058 1:N:0:GTTTCG,CTTTTTCACCATAGCCCTCTATGGGCTTCCCAATATCCCTTTCCCAAATCCACAAGAACAGCCTTACGGAAAGGCTTCTTGAAGGG
NB500947:152:HCJ53BGXY:1:11101:13919:1058 1:N:0:GTTTCG,GCTCTGTGTTCTGTTAATTCATCTCACAGGGTTACATCTCTCCCTTCAAGAAGCCTTTCGATGAGGCTGTTCTTGTGGAATTGGCA
NB500947:152:HCJ53BGXY:1:11101:11994:1058 1:N:0:GTTTCG,GAGAAACTGCTCTGTGTTCTGTTAATTCATCTCACAGAGTTACATGTTTCCCTTCAAGAAGCCTTTCGCTAACGCTGTTCTTGTGG
NB500947:152:HCJ53BGXY:1:11101:17508:1058 1:N:0:GTTTCG,CACCTTTTCTGGGGTCTGATGAGCGTCGGCATCGGGCGCCTTAACCCGGCGTTCGGTTCATCCCGCAGCGCCAGTTCTGCTTACCA
NB500947:152:HCJ53BGXY:1:11101:22064:1059 1:N:0:GTTTCG,TCCTTTTTCACCATAGCCCTCTATGGGCTTCCAAATATCCCTTTGCCAATTCCACAAGAACAGCCTTAGCGAAAGGCTTCTTGAAG
NB500947:152:HCJ53BGXY:1:11101:13803:1059 1:N:0:GTTTCG,GTAACTGTGTGAGATGAATTAACAGAACACAGAGCAGTTTCTCAGAAAGCTTCTTTCCAGTTTGGAACGGAAGATATTTCCTTTTT
NB500947:152:HCJ53BGXY:1:11101:12101:1060 1:N:0:GTTTCG,GTTCTGACCTAAGCAGGCAGGTTCTGGTGCCATTCACTAAGATAGGAAGGATAGTTCGTGCTCTTCCTTTCCAGCTTGGACCCGGC
NB500947:152:HCJ53BGXY:1:11101:10794:1060 1:N:0:GTTTCG,GATCGGAAGAGCACACGTCTGAACTCCAGTCACGTTTCGGAATCTCGTATGCCGTCTTCTGCTTGAAAAAAAAAAGGGGGGGGGGG
NB500947:152:HCJ53BGXY:1:11101:4974:1061 1:N:0:GTTTCG,GAAAGCTTCTTTCCAGTTTTGAAAGGAAGATACTTCCTTTTTCCCATAGCGCTCTATGGGCTTCCAAATATCCCTTTTCCAATTAC
NB500947:152:HCJ53BGXY:1:11101:12041:1061 1:N:0:GTTTCG,GCCTTCTAAGGGCTTCCAAATATCCCTTTGCCAATTCCACAAGAACAGCCTCAGCGAAAGGCTTCTTGAAGGGAAAGATGTAACAC
NB500947:152:HCJ53BGXY:1:11101:4255:1061 1:N:0:GTTTCG,TGTTAATTCATCTCACAGAGTTACATCTTTAACTTCAAGAATCCTTTCGCTAAGGCTGTTCTTGTGGAATTGGCAAAGGGATATTT
NB500947:152:HCJ53BGXY:1:11101:2083:1062 1:N:0:GTTTCG,GCCCTCTATGGGCTTCCATATACCCCTTTGCCAATTCCACAAGAACAGCCTTAGCGAAAGGCTTCTTGAAGGGAAAGATGTAACTC
NB500947:152:HCJ53BGXY:1:11101:5494:1063 1:N:0:GTTTCG,GAAGCTTTCTGAGAAACTGTTCTATGTTCTGTTAATTCATCTCACAGAGTTACATCTTTCCCTTCAAGAAGCCTTTCGCTAAGGCT
NB500947:152:HCJ53BGXY:1:11101:4730:1063 1:N:0:GTTTCG,GGTAACTTTTCTGACACCTCCTGCTTAAAACCCAAAAGGTCAGAAGGATCGTGAGGCCCCGCTTTCACGGTCTGTATTCGTACTGA
NB500947:152:HCJ53BGXY:1:11101:8658:1064 1:N:0:GTTTCG,CCCTTTTCACCATAGCCCTCTATGGGCTTCCAAATATCAATTTGAAAATAACACAAGATCAGTCTTAGTGAATGGCTTTTTGTTCG
NB500947:152:HCJ53BGXY:1:11101:5457:1064 1:N:0:GTTTCG,GGTGCGTGCCACCACGCCTGGCTAATTTTTGTATTTTTAGTAGAGACAGGGTTTCACCATGTTGGTCAGGCTGGTCTTGAACTCCT
NB500947:152:HCJ53BGXY:1:11101:24883:1064 1:N:0:GTTTCG,GCGACGGGCGGTGTGTACAAAGGGCAGGGACTTAATCAACGCAAGCTTATGACCCGCACTTACTCGCAATTCCACGTTCATGGGGA
NB500947:152:HCJ53BGXY:1:11101:13326:1064 1:N:0:GTTTCG,AAGAAGCTTTCTGAGAAACGGCTCTGTGTTCTCTGAATTTATCTCACAGAGTTACATCTTTGCCTTCAAGAAGACTTTAGCTAATT
NB500947:152:HCJ53BGXY:1:11101:20397:1064 1:N:0:GTTTCG,TCAAAACTGGAAAGAAGCTTTCTGAGAAACTGCTCTGTGTTCTGTTAATTCATCTCACAGAGTTACATCTTTCCCTTCAAGAAGCC
NB500947:152:HCJ53BGXY:1:11101:19388:1064 1:N:0:GTTTCG,CACCCGCGCGCGCGCCGACCCCCGCCGCTCCCGTCCACTCTCGACTGCCGGCGACGGCCGGGTATGGGCCCGACGCTCCAGCGCCA
NB500947:152:HCJ53BGXY:1:11101:22630:1065 1:N:0:GTTTCG,GAAAGATGTAACTCTGTGAGATGAATTAACAGAACACAAAGCAGTTTCTCAGAAAGCTTCTTTCCAGTGATGAACGGAACAGAATT
NB500947:152:HCJ53BGXY:1:11101:18081:1065 1:N:0:GTTTCG,CCTCGTGATCCGCCCGTCTCGGCCTCCCAAAGTGCTGGGATTACAGGTGTGAGCCACCATACCTGGCCAGGTTGAACATCCTTAAT
NB500947:152:HCJ53BGXY:1:11101:4490:1066 1:N:0:GTTTCG,GGAAAAGGGATATTTGGAAGCCCATAGAGGGCTATGGTGAAAAAGGAAATATCTTCCGTTCAAAACTGGAAAGAGGAATTCTGAGC
NB500947:152:HCJ53BGXY:1:11101:11731:1067 1:N:0:GTTTCG,CTGTGGTAACTTTTCTGACACCTCCTGCTTAAAACCCAAAAGGTCAGAAGGATCGTGAGGCCCCGCTTTCACGGTCTGTATTCGTA
NB500947:152:HCJ53BGXY:1:11101:12845:1067 1:N:0:GTTTCG,CCCAGCACTTTGGGAGGTCGAGGCAGGAGGATCACCTGAGGTCAGGAGTTTGAGACCAGCCTGACCAATATGGTGAAACTCCGTCT
NB500947:152:HCJ53BGXY:1:11101:7528:1067 1:N:0:GTTTCG,CTGGAAAGAAGCTTTCAGAGAAACTGCTCTGTGTTCTGTTAATTCATCTCACAGAGTTACATCTTGGACTACAAGAAGACATACGC
NB500947:152:HCJ53BGXY:1:11101:18828:1067 1:N:0:GTTTCG,GCAGTTTCTCAGAAAGCTTCTTTCCAGTTTTGAACGGAAGATATTTCCTTTTTCACCATAGCCCTCTATGGGCTTCCAAATATCCC
NB500947:152:HCJ53BGXY:1:11101:17313:1067 1:N:0:GTTTCG,GTATGTTTATTGCAGCACTATTCACAATAGCAAAGACTTGGAATCAACCCAAATGTCCATCAGTGACAGATTGGATTAAGAAAATG
NB500947:152:HCJ53BGXY:1:11101:4157:1067 1:N:0:GTTTCG,GAAGAAGTGCAGGCTGGAGGGTCAGAAGATGTGGCTGGGCGCCGTGGCTTATACCTGTAATCACAGCACTTTGGGAGGCGGAGCTG
NB500947:152:HCJ53BGXY:1:11101:17143:1068 1:N:0:GTTTCG,GTTGGGTCTAAAACACTCTCTACGCCGGTCTCTATTGGCTCGGGTTAATCGTGTGGCCGCGGTGGCTGGCACGAAATTGACCAACC
NB500947:152:HCJ53BGXY:1:11101:13667:1068 1:N:0:GTTTCG,GCGAGAGCGCCAGCTATCCTGAGGGAAACTTCGGAGGGAACCAGCTACTAGATGGTTCGATTAGTCTTTCGCCCCTATACCCAGGT
NB500947:152:HCJ53BGXY:1:11101:16960:1069 1:N:0:GTTTCG,GAGAAAGCTGGGGAGGGTGCTTTGTCTGTGGGAATCCTGAGGATGGATGGATCCTGCACCTTTACAGTGGGACTGGGGTTGGTGCT
NB500947:152:HCJ53BGXY:1:11101:21551:1070 1:N:0:GTTTCG,CCCGCCGCCGGGTTGAATCCTCCGGGCGGACTGCGCGGACCCCACCCGTTTACCTCTTAACGGTTTCACGCCCTCTTGAACTCTCT
NB500947:152:HCJ53BGXY:1:11101:2739:1070 1:N:0:GTTTCG,GTTGAGCCATGCTTATGTTTTTGGGATCAATCTCATTTGGTCATGATGAATGATCTTTTTAATATGTTGTTGAATTCAGTTTCCTA
NB500947:152:HCJ53BGXY:1:11101:1901:1070 1:N:0:GTTTCG,TGGCAAAGGGATATTTGGAAGCCCATAGAGGGCTATGGTGAAAAAGGAAATATCTTCCGTTCAAAACTGGAAAGAAGCTTTAGATC
NB500947:152:HCJ53BGXY:1:11101:11073:1070 1:N:0:GTTTCG,AAGGCTTCTTGAAGGGAAAGATGTAACTCTGTGAGATGAATTAACAGAACACAGAGCAGTTTCTCAGAAAGCTTCTTTCCAGTTTT
NB500947:152:HCJ53BGXY:1:11101:12126:1070 1:N:0:GTTTCG,GCCAGAGTCTCGTTCGTTATCGGAATTAACCAGACAAATCGCTCCACCAACTAAGAACGGCCATGCACCACCACCCACGGAATCGA
NB500947:152:HCJ53BGXY:1:11101:14411:1071 1:N:0:GTTTCG,GCAGTTTCTCAGAAAGCTTCTTTCCAGTTTTGAAAGGAAGATATTTCCTTTTTCACCAATAACGGAAGAGCACAAGACAGAAATCC
NB500947:152:HCJ53BGXY:1:11101:11931:1072 1:N:0:GTTTCG,CCAGTTTTGAACGGAAGATATTTCCTTTTTCAGCCTAGCCCTCTATGGGCTTCCAAATATCCCTTTGCCAATTCCACAAGAACAGC
NB500947:152:HCJ53BGXY:1:11101:20368:1072 1:N:0:GTTTCG,GTTAATTCATCTCACAGAGTTACATCTTTCCCTTCAAGAAGCCAATCGCTAAGGCTGTTCTTGTGGAATTGGCAAAGGGATATTTG
NB500947:152:HCJ53BGXY:1:11101:18302:1074 1:N:0:GTTTCG,GGGCGGTGTGTACAAAGGGCAGGGACTTAATCAACGCAAGCTTATGACCCGCACTTACTGGGAATTCCTCGTTCATGGGGAATAAT
NB500947:152:HCJ53BGXY:1:11101:9663:1074 1:N:0:GTTTCG,CTGCGGAAGGCGGCGGCGGCGGCGGCGGGAGAAGGCGGGCAGGGGGGACGGAACGTCGGGAAGCGAGGGGGCTCGAGGGGGAGGCT
NB500947:152:HCJ53BGXY:1:11101:8921:1074 1:N:0:GTTTCG,CCCGTCCACTCTCGACTGCCGGCGACGGCCGGGTATGGGCCCGACGCTCCAGCGCCATCCATTTTCAGGGCTAGTTGATTCGGCAG
NB500947:152:HCJ53BGXY:1:11101:16351:1074 1:N:0:GTTTCG,CACAAATTATGCAGTCGAGTTTCCCACATTTGGGGAAATCGCAGGGGTCAGCACATCCGGAGTGCAATGGATAAGCCTCGCCCTGG
NB500947:152:HCJ53BGXY:1:11101:5375:1075 1:N:0:GTTTCG,TAGGAGTACAACACCATGCCCAGCTAATCTCTCTATTTTTAGTAGGGACAAGGTTTCTCCATGTTGGCCGGACTGGTCTGGAACTC
NB500947:152:HCJ53BGXY:1:11101:1385:1075 1:N:0:GTTTCG,GAAAGATGTAACTCTGTGAGATGAATTAACAGAACACAGAGCAGTTTCTCAGAAAGCTTCTTTCCAAGATAGCAAGAGCACACGTA
NB500947:152:HCJ53BGXY:1:11101:10248:1075 1:N:0:GTTTCG,GATCGGAAGAGCACACGTCTGAACTCCAGTCACGTTTCGGAATCTCGGATGCCGGCGTCTGCGTGAAAAAAAAAATGGGGGGGGGG
NB500947:152:HCJ53BGXY:1:11101:8540:1076 1:N:0:GTTTCG,CCTTTTTCACCATAGCCCTCTATGGGCTTCCAAATATCCCTTTGCCAATTCCACAAGAGCAGCCTTAGTGAAAGGCTTCTTGAAGG
NB500947:152:HCJ53BGXY:1:11101:3888:1076 1:N:0:GTTTCG,CCTGACCTCGTGATCTGCCTGCCTCGGCCTCCCAAAGAGCTGGGATTACAGGCATGAGCTGCCGCGCCCGTCTGAAATCCAAATTC
NB500947:152:HCJ53BGXY:1:11101:21125:1077 1:N:0:GTTTCG,GTGGAATTGGCAAAGGGATATTTGGAAGCCCATAGAGGGCTATGGGGAAAAAGGAAACATCTTCCGTTCAAAACTGGAAAGAAGCT
NB500947:152:HCJ53BGXY:1:11101:7303:1077 1:N:0:GTTTCG,TTCGCTAAGGCTGTTCTTGTGGAATTGGCAAAGGGATATGTGGAAGCCCATAGACGGCTATGATGAAAAAGGAAATATCTTCCGTT
NB500947:152:HCJ53BGXY:1:11101:5941:1077 1:N:0:GTTTCG,CCCGGGTCGGGAGTGGGTAATTTGCGCGCCTGCTGCCTTCCTTGGATGTGGTAGCCGTTTCTCAGGCTCCCTCTCCGGAATCGAAC
NB500947:152:HCJ53BGXY:1:11101:14771:1077 1:N:0:GTTTCG,GTAACTCTGTGAGATGAATTAACAGAACACAGAGCAGTTTCTCAGAAAGCTTCTTTCGAGTTTTGAACGGAAGATATTTGCTTTTT
NB500947:152:HCJ53BGXY:1:11101:18071:1078 1:N:0:GTTTCG,GCTGGAATTACCGCGGCTGCTGGCACCAGACTTGCCCTCCAATGGATCCTCGTTAAAGGATTTAAAGTGGACTCATTCCAATTACA
NB500947:152:HCJ53BGXY:1:11101:22899:1078 1:N:0:GTTTCG,GCATCGCCAGTCGGCATCGTTTATGGTCGGAACTACGACGGTATCTGATCGTCTTCGAACCTCCGACTTTCGTTCTTGATTAATGA
NB500947:152:HCJ53BGXY:1:11101:19301:1078 1:N:0:GTTTCG,CAGCCTTAGCGAAAGGCTTCTTGAAGGGAAAGATGTAACTCTGTGAGATGAATTAACAGAACACAGAGCAGTTTCTCAGAAAGCTT
NB500947:152:HCJ53BGXY:1:11101:10666:1078 1:N:0:GTTTCG,CTTGATTAATGAAAACATTCTTGGCAAATGCTTTCGCTCTGGTCCGTCTTGCGCCGGTCCAAGAATTTCACCTCTAGCGGCGCAAT
NB500947:152:HCJ53BGXY:1:11101:14967:1078 1:N:0:GTTTCG,TGAAGGGAAAGATGTAACTCTGTGAGATGAATTAACAGAACACAGAGCAGTTTCTCTGAAAGCTTCTTTCCAGTTTTGAACGGAAG
NB500947:152:HCJ53BGXY:1:11101:20501:1079 1:N:0:GTTTCG,TGGGTGTGTATGTGTTTGAGCATGTGAGTGTATGTTTGTGGATGTGAGATGTGGGTTTTGTGGTGTGTGTGGATGTGTGTTGTGAA
NB500947:152:HCJ53BGXY:1:11101:1531:1080 1:N:0:GTATCG,CCTCACACCGTCCACGGGCTGGGCCTCGATCAGAAGGACTTGGGCCCCCCACGAGCGGCGCCGGGGAGAGCGTCTTCCGTACGCCA
NB500947:152:HCJ53BGXY:1:11101:14637:1080 1:N:0:GTTTCG,GCAAAGGGATATTTGGAAGCCCATAGAGGGCTATGGTGAAAAAGGAAATATCTTCCGTTCAAAACTGGAAAGAAGCTTTCTGAGAA
NB500947:152:HCJ53BGXY:1:11101:10448:1081 1:N:0:GTTTCG,CAGGAACCAAATAGTTGGGAGCTGTGGGGCTAAACAGGGCAGGGATGACCAAGTATCAGAAGGTAAAAGGAGTCAGCTGAGCCGCC
NB500947:152:HCJ53BGXY:1:11101:13418:1081 1:N:0:GTTTCG,GGCCTCTATGGGCTTCCAAATATCCCTTTGCCAATTCCACAAGAACAGCCTTAGCGAAAGGATTCTTGAAGGGAAAGATGTAGCTC
NB500947:152:HCJ53BGXY:1:11101:11389:1081 1:N:0:GTTTCG,GCCCGACGCTCCAGCGCCATCCATTTTCAAGGCTAGTTGATTCGGCAGGTGAGTTGTTACACACTCCTTAGCGGATTCCGACTTCC
NB500947:152:HCJ53BGXY:1:11101:6113:1082 1:N:0:GTTTCG,TGGGCTTCCAAATATCCCTTTGCCAATTCCCCAAGAACAGCCTTAGCGAAAGGCTTCTTGAAGGGAAAGACGTTACTCTGTGAGAT
NB500947:152:HCJ53BGXY:1:11101:5630:1083 1:N:0:GTTTCG,AAAAAGGAAATATCTTCCGTTCAAAACTGGAAAGAAGCTTTCTGAGAAACTGCTCTGTGTTCTGTTAATTCATCTCACAGAGTTAC
NB500947:152:HCJ53BGXY:1:11101:1890:1084 1:N:0:GTTTCG,GGAAGATATGTCCTTTTTCAGCATACCCCTCTATGGGCTTCCAAATATCCCTTTGCCAATTCCACAAGAACAGCCTTAGCGAAAGG
NB500947:152:HCJ53BGXY:1:11101:13515:1085 1:N:0:GTTTCG,GCGAAAGGCTGCTTGAAGGGAAACATGTAACTCTGTGAGATGAATTCACAGAACACAGAGCAGTTTCTCAGAAAGCTTCTTTCCAG
NB500947:152:HCJ53BGXY:1:11101:8092:1085 1:N:0:GTTTCG,CTCTAAGGGCTTCGAAATATCCCTTTGGCAATTCCACAAGAACAGCCTTGCGAAAGGCTTTTGAAGGGAAAGATGTAACTCTGTGA
NB500947:152:HCJ53BGXY:1:11101:6093:1086 1:N:0:GTTTCG,GAAACCTTTCCCTAAGGCTGTTCTTGTGTAATTGGCAAAGGGAGATTTTGAAATCCTTAGAGGGCTATGGTGAAAAAGGAAATATC
NB500947:152:HCJ53BGXY:1:11101:13227:1086 1:N:0:GTTTCG,CTGAAGATGCCACAAAATGGAATGAGTGCTTGGCTCCAGAGAATTTCTGTTTGATGCATGAAATGTGGTGGTCCCACTCGGTGCGC
NB500947:152:HCJ53BGXY:1:11101:18258:1086 1:N:0:GTTTCG,GAAAGCTTCTTTCCAGTTTGGAACGGAAGATATTTCCTTTTTCACCAGAGCCCTCTATGGGCTTCCAAATATCCCTTTGCCAGATC
NB500947:152:HCJ53BGXY:1:11101:14982:1087 1:N:0:GTTTCG,CGAGTGGCAAGATGGCCATGCCTCCACCAGGGAAGAACCAAACGCCGTCCCCTCCGAGGCAACTGCGTTGTCCCACCTCAAACTAT
NB500947:152:HCJ53BGXY:1:11101:9979:1087 1:N:0:GTTTCG,GGCCGCCACAAGCCAGTTATCCCTGTGGTAACTTTTCTGACACCTCCTGCTTAAAACCCAAAAGGTCAGAAGGATCGTGAGGCCCC
NB500947:152:HCJ53BGXY:1:11101:8349:1087 1:N:0:GTTTCG,GTGCTCGAAGACCCTAGAAACAGAGACAGCCGGAGGACAGCCAAATGGAAGGGGAAACTGCTCCCTGTTAGCTGGTGCAAAACAGT
NB500947:152:HCJ53BGXY:1:11101:13974:1087 1:N:0:GTTTCG,CCGTTACCCGTGGTCACCATGGTAGGCACGGCGACTACCATCGAAAGTTGATAGGGCAGACGTTCGAATGGGTCGTCGCCGCCACG
NB500947:152:HCJ53BGXY:1:11101:2644:1087 1:N:0:GTTTCG,ATAGAGGGCTATGGTGAAAAAGGAAATATCTTCCGTTCAAAACTGGAAAGAAGAGGTCTGAGCACCTGCGAGGTGTGCTGTTAATT
NB500947:152:HCJ53BGXY:1:11101:26184:1088 1:N:0:GTTTCG,TGGGCTTCCAAATATCCCTTTGCCAATTCCACAAGAACAGCCTTAGCGAAAGGCTTCTTGAAGGGAAAGATGTAACTCTGTGAGAT
NB500947:152:HCJ53BGXY:1:11101:16214:1088 1:N:0:GTTTCG,ATCGGCCTGGCGCGGTGGCTCACGCCTGTAATCCCAGCACTTTGGGAGACTGAGGCGGGCGGATCACCTGAGGTCTGGAGTTCGAG
NB500947:152:HCJ53BGXY:1:11101:6683:1089 1:N:0:GTTTCG,TCTGGTCCGTCTTGCGCCGGTCCAAGAATTTCACCTCTAGCGGCGCAATACGAATGCCCCCGGCCGTCCCTCTTAATCATGGCCTC
NB500947:152:HCJ53BGXY:1:11101:4308:1089 1:N:0:GTTTCG,CTGAGGTCAGGAGTTCGAGACCAGCCTGGCCAACATGGCAACTCACCATCTCTACTAAAACTACAAAAATTAGCCAGGTATGGTGG
NB500947:152:HCJ53BGXY:1:11101:3598:1089 1:N:0:GTTTCG,GCGGGGGACCGGCTATCCGAGGCCAACCGAGGCTCCGCGGCGCTGCCGTATCGTTCCGCCTGGGCGGGATTCTGACTTAGAGGCGT
NB500947:152:HCJ53BGXY:1:11101:24157:1090 1:N:0:GTTTCG,CGCGGTGGCTCACACCTGTAATCCCAGCACTTTGGAAGGCCGAGGGGAGCAGATCACGAGGTCAAGAGTTCGAGACCAACCTGGCC
NB500947:152:HCJ53BGXY:1:11101:8697:1090 1:N:0:GTTTCG,CAAATATCCCTTTGCCAATTCCACAAGAACAGCCTTAGCGAAAGGCTTCTTGAAGGGAAAGATGTAACTCTGTGAGATGAATTCAC
NB500947:152:HCJ53BGXY:1:11101:17274:1090 1:N:0:GTTTCG,CGAAAGAAGCTTTCTGAGAAACTGCTCTGTGTTCTGTTAATTCATCTCAGAGAGTTACATCTTTCCCTTCAAGAAGCCTTTCGCTA
NB500947:152:HCJ53BGXY:1:11101:13376:1091 1:N:0:GTTTCG,GCCGATCCGAGGGCCTCACTAAACCATCCAATCGGTAGTAGCGACGGGCGGTGTGTACAAAGGGCAGGGACTTAATCAACGCAAGC
NB500947:152:HCJ53BGXY:1:11101:11083:1091 1:N:0:GTTTCG,GTCTAAGGTTGTGCAGAGTGGGTCCACATCCCTAACATGTAGTGAAGAGAGAAGAAAGCTGTTGCACCGATGACATCATGCTACTG
NB500947:152:HCJ53BGXY:1:11101:13000:1091 1:N:0:GTTTCG,TGGGCTTCCAAATATCCTTTTGCCAATTCCACAAGAAGAGCCTTAGCGAAAGGCTTCTTGAAGGGAAAGATGTAACTCTGTGAGAT
NB500947:152:HCJ53BGXY:1:11101:23353:1091 1:N:0:GTTTCG,TAGCCCTCTATGGGCTTCCAAATATCCCTTTGCCAATTCCACAAGAACAGCCTTAGCGAAAGGCTTCTTGAAAGGAAAGATATAAC
NB500947:152:HCJ53BGXY:1:11101:12328:1092 1:N:0:GTTTCG,CGTGAGGCCCCGCTTTCACGGTCTGTATTCGTACTGAAAATCAAGATCAAGCGAGCTTTTGCACTTCTGCTCCACGGGAGGTTTCT
NB500947:152:HCJ53BGXY:1:11101:5450:1092 1:N:0:GTTTCG,GTGAAAAACGAAATATCTTCCGTTCAAAACTGGAAAGAAGCTTTCTGAGAAACTGCTCTGTGTTAATTCATCTCACAGAGTTACAT
NB500947:152:HCJ53BGXY:1:11101:18947:1092 1:N:0:GTTTCG,TGCATTTCTAATTGCCATTAGACTGGAGCGTCAGTGTAAGTTCTGGGTGTTCTGGAAAGTTTTATTTGTTTAGAAACAGTTTGGGC
NB500947:152:HCJ53BGXY:1:11101:12669:1092 1:N:0:GTTTCG,GGCCTCACTAAACCATCCAATCGGTAGTAGCGACGGGCGGTGTGTACAAAGGGCAGGGACTTAATCAACGCAAGCTTATGACCCGC
NB500947:152:HCJ53BGXY:1:11101:16066:1092 1:N:0:GTTTCG,CTCAGAAAGCTTCTTTCCAGTTTTCAACGGAAGATATTTCCTTTTTCACCATAGCCCTCTATGGGCTTCCAAATATCCCTTTGCCA
NB500947:152:HCJ53BGXY:1:11101:3398:1093 1:N:0:GTTTCG,CGTATCGTTCCGCCTGGGCGGGATTCTCACTTAGAGGCGATCAGTCATAATCCCACAGATGGTAGCTTCGCCCCATTGGCTCCTCA
NB500947:152:HCJ53BGXY:1:11101:13429:1094 1:N:0:GTTTCG,GCCACGCGTGGTGGCGGGTACCTGTAATCCCAGCTACTCAGGGGGTTGAGGCAGGAGAAGTGCTTGAACCCAGGAGGTAGAGGTTG
NB500947:152:HCJ53BGXY:1:11101:25895:1095 1:N:0:GTTTCG,TGGGAGGCTGAGGCAGGAGAATGGCGTAAACCCGGGAGGCGGAGCTTGCTGTGAGCTGAGATCCGGCCACTGCACTCCAGCCTGGG
NB500947:152:HCJ53BGXY:1:11101:24309:1095 1:N:0:GTTTCG,CGGCGCTCAGACAGGCGTAGCCCCGGGAGGAACCCGGGGCCGCAAGTGCGTTCGAAGTGTCGATGATCAATGTGTCCTGCAATTCA
NB500947:152:HCJ53BGXY:1:11101:8966:1096 1:N:0:GTTTCG,AGCCTGTCCAGCTTCTCCGCCAATGCCTCCACTGAGTCAAAGCTTCCTTTGGGGACCAATTCTCCGGCTAGTTTCATCCGAGCCAT
NB500947:152:HCJ53BGXY:1:11101:19883:1096 1:N:0:GTTTCG,GCGTCGACCCCCGCCGCTCCCGTCCACTCTCGACTGCCGGCGACGGCCGGGTATGGGCCCGACGCTCCAGCGCCATCCATTTTCAG
NB500947:152:HCJ53BGXY:1:11101:13173:1096 1:N:0:GTTTCG,GTTTTGAACGGAAGATATTTCCTTTTTCACCATAGCCCTCTATGGGCTTCCAAATATCCCTTTGGCAATTCCCCAAGAACAGCCTT
NB500947:152:HCJ53BGXY:1:11101:23569:1097 1:N:0:GTTTCG,CCGGGCCTTCCCAGCCGTCCCGGAGCCGGTCGCGGCGCACCGCCGCGGTGGAAATGCGCCCGGCGGCGGCCGGTCGCCGGTCGGGG
NB500947:152:HCJ53BGXY:1:11101:15701:1097 1:N:0:GTTTCG,GAGGCCGAGGAGAGGCAGGAGCTGGGCCGGCGGAAGGCGACTGGGCGAAGAGCACGGCCTGCAGGGGCCGCCGGGAGCAGGAGCGA
NB500947:152:HCJ53BGXY:1:11101:12035:1098 1:N:0:GTTTCG,ACAGGAAAGGGAATATTTAAATAGCGAAAGGGGAAGAGAATGAGTACAAGGTATGCCCTCAAGTCCAAATATAGAGATGGGGGCTG
NB500947:152:HCJ53BGXY:1:11101:18108:1098 1:N:0:GTTTCG,CACAGAGTTACATCTTTCCCTTCAAGAAGCCTTTCGCTAAGGCTGTTCTTGTGGAATTGGCAAACGGATATTTGGAAGCCCATAGA
NB500947:152:HCJ53BGXY:1:11101:18971:1099 1:N:0:GTTTCG,GATATTTCCTTTTTCACCATAGCCCTCTATGGGCTTCCAAATATCCCTTTGCCAATTCCACAAGAACAGCCTTAGCGAAAGGCTTC
NB500947:152:HCJ53BGXY:1:11101:21408:1099 1:N:0:GTTTCG,GTGAAAAAGGAAATATCTTCCGTTCAAAACTGGAAAGAAGCTTTCTGAGAACCCGCTCTGTGTTCTGTTAATTCGTCTCACAGAGT
NB500947:152:HCJ53BGXY:1:11101:17018:1099 1:N:0:GTTTCG,CAAATATCGCTTTGCCAATTCCACAAGAACAGCCTTAGCGAAAGGCTTCTTGAAGGGAAAGATGTAACTCTGTGAGATGAATTAAC
NB500947:152:HCJ53BGXY:1:11101:10762:1099 1:N:0:GTTTCG,CCGCTACGGACCTCCACCAGAGTTTCCTCTGGCTTCGCCCTGCCCAGGCATAGTTCACCATCTTTCGGGTCCTAACACGTGCGCTC
NB500947:152:HCJ53BGXY:1:11101:15400:1100 1:N:0:GTTTCG,CTTCAAGAAGCCTTTCGCTAAGGCTGTTCTTGTGGAATTGGCAAAGGGGTATTTGGAAGCCCATAGAGGCGCGGAGGGGAACACGT
NB500947:152:HCJ53BGXY:1:11101:2946:1101 1:N:0:GTTTCG,GAAGCCTTTCGCTAAGGCTGTTCTTGAGGAATTGGCAAAGGGATATTTGGAAGCCCATAGAGGGCAATGGTGAAAAAGGAAATATC
NB500947:152:HCJ53BGXY:1:11101:8030:1101 1:N:0:GTTTCG,GCCAAATCAACAAGAACAGCCTTAGCGAAAGCCATCTTGAAGGGAAAGATCTAACACTGTGAGATGATATAACAGAACACAGAGCA
NB500947:152:HCJ53BGXY:1:11101:9007:1101 1:N:0:GTTTCG,GCTCCACTCCTGGTGGTGCCCTTCCGTCAATTCCTTTAAGTTTCAGCTTTGCAACCATACTCCCCCCGGAACCCAAAGACTTTGGT
NB500947:152:HCJ53BGXY:1:11101:8845:1101 1:N:0:GTTTCG,GATCGGAAGAGCACACGTCTGAACTCCAGTCACGTTTCGGAATCTCGTATGCCGTCTTCTGCGTGAAAAAAAAAAGGGGGGGGGGG
NB500947:152:HCJ53BGXY:1:11101:15498:1103 1:N:0:GTTTCG,CTCTGTGATGAATTAACAGAACACAGAGCAGTTTCTCAGAAAGCTTCTTGCCAGTTTTGAACGGAAGGGATTTGCTGTGTGCACAT
NB500947:152:HCJ53BGXY:1:11101:13986:1103 1:N:0:GTTTCG,TACATCTTTCCCTTCAAGAAGCCTTTCGCTAAGGCTGTTCTTGTGGAATTGGCGAAGGGATATTTGGAAGCCCATAGAGGGCTATG
NB500947:152:HCJ53BGXY:1:11101:18879:1104 1:N:0:GTTTCG,GTTAATTCATCTCACAGAGTTACATCTTTCCCTTCAAGAAGCCTTTCGCTAAGGCTGTTCTTGTGGAGTTGGCAAAGGGATATTTG
NB500947:152:HCJ53BGXY:1:11101:24079:1104 1:N:0:GTTTCG,TCCACCAGAACAGCCTTAGCGAAAGGCTTCTTGAAAGTAAAATTGGAACTCTGTGAGATGAATTAACAGAACACAGAGCAGTTTCT
NB500947:152:HCJ53BGXY:1:11101:8898:1104 1:N:0:GTTTCG,GAACAGCCTTAGCGAGAGGCTTCTTGAAGGGAAAGATGTAACTCTGTGAGATGAATTAACAGAACACAGAGCAGTTTCTCAGAAAG
NB500947:152:HCJ53BGXY:1:11101:3518:1104 1:N:0:GTTTCG,TGGAAAGAAGCTTTCTGAGAAACTGCTCTGTGTTCTGTTAATTCAAATCACAGAAGAGCACCATTCAGAACACGAGTCCAGTAGCG
NB500947:152:HCJ53BGXY:1:11101:12348:1104 1:N:0:GTTTCG,TATTTGGAAGCCCATAGAGCGCTATGGTGAAAAACTAAATATCATCCGGTCAAAACTGGAAAGAAGCTTTCTGAGAAACTGCTATG
NB500947:152:HCJ53BGXY:1:11101:6217:1105 1:N:0:GTTTCG,GCCAATTCCACAAGAACAGCCTTAGCGAAAGGCTTCTTGAAGGGAAAGATGTAAGTCTGTGAGATGAATTAACAGAATACAGAGCA
NB500947:152:HCJ53BGXY:1:11101:21086:1106 1:N:0:GTTTCG,GCTGGAATTACCGCGGCTGCTGGCACCAGACTTGCCCTCCAATGGATCCTCGTTAAAGGATTTAAAGTGGACTCATTCCAATTACA
NB500947:152:HCJ53BGXY:1:11101:11390:1107 1:N:0:GTTTCG,CACAAGAACAGCCTTAGCGAAAGGCTTCTTGAAGGGAAAGATGTAACTCTGTGAGATGAATTAACAGAACACTGAAGAGAAGCGCT
NB500947:152:HCJ53BGXY:1:11101:2827:1107 1:N:0:GTTTCG,CTATGGGCTTCTAAATATCCCTTTGCCAATTCCACGAGAAAAGCCTTAGCGAAAGGCTTCTTGAAGGGAAAGATGTAACTCTGTGA
NB500947:152:HCJ53BGXY:1:11101:11853:1108 1:N:0:GTTTCG,GCTGAGGCCAGAGGGAAGCAACCCCCCTGATGATTTCCACTCAGTGGCATCGCAGACTGCCACATCTCTAAGAGCTGGGACTGTCA
NB500947:152:HCJ53BGXY:1:11101:1678:1108 1:N:0:GTTTCG,GGAAGCCCATAGAGGGCTATGGTAAAAAAGGAAATATCTTCCGTTCAAAACTGGAAAGACGCTTTCTGAGAAACTGCTCTGTGTTC
NB500947:152:HCJ53BGXY:1:11101:3929:1108 1:N:0:GTTTCG,GTGGCTTCGCCCCATTGGCTCCTCAGCCAAGCACATACACCAAATGTCTGAACCTGCGGTTCCTCTCGTACTGAGCAGGATTACCA
NB500947:152:HCJ53BGXY:1:11101:13801:1108 1:N:0:GTTTCG,GATCGGAAGAGCACACGTCTGAACTCCAGTCACGTTTCGGAATCTCGTATGCCGTCTTGTGGTTGAAAAAAAAAAGGGGGGGGGGG
NB500947:152:HCJ53BGXY:1:11101:7219:1108 1:N:0:GTTTCG,GGTAAGGCTGTTCTTGTGGAATTGGCAAAGGGATATTTGGAAGCCCAGAGAGGGCTATGGTGATAAAGGAAATATCTTCCGTTCAA
NB500947:152:HCJ53BGXY:1:11101:20134:1108 1:N:0:GTTTCG,GTGGACATTTCCCGTCTGTCGAGGAGCTCAGCCTGGGGATGGCTCGGATGAAACTAGCCGGAGAATTGGTCCCCAAAGGAAGCTTT
NB500947:152:HCJ53BGXY:1:11101:13313:1108 1:N:0:GTTTCG,CTTATTGAAGGGAAAGATGTAACTCTGTGAGACGAATTAACAGAACACAGAGCAGTTTCTCAGAAAGCTTCTTTCAAGTTTTGAAC
NB500947:152:HCJ53BGXY:1:11101:24495:1109 1:N:0:GTTTCG,TGTTAATTCATCTCACAGAGTTACATCTTTCCCTTCAAGAAGCCTTTCGCTAAGGCAGTTCTTGTGGAATTGGCAAAAGGATATTT
NB500947:152:HCJ53BGXY:1:11101:14159:1109 1:N:0:GTTTCG,TGCAGCAACTTTAATATACGCTATTGGAGCTGGAATTACCGCGGCTGCTGGCACCAGACTTGCCCTCCAATGGATCCTCGTTAAAG
NB500947:152:HCJ53BGXY:1:11101:14843:1109 1:N:0:GTTTCG,GCCAATTTCAATTGGTCTTTTAAGTTCAGCCTGTCCAGCTTCTCCGCCAATGCCTCCACTGAGTCAAAGCTTCCTTTGGGGACCAA
NB500947:152:HCJ53BGXY:1:11101:6846:1109 1:N:0:GTTTCG,CCCACTTATTCTACACCTCTCATGTCTCTTCACCGTGCCAGACTAGAGTCAAGCTCAACAGGGTCTTCTTTCCCCGCTGATTCCGC
NB500947:152:HCJ53BGXY:1:11101:7740:1109 1:N:0:GTTTCG,GTTAATTCATCTCACAGAGTTACATCTTTCCCTTCAAGAAGCCTTTTGCTAAGGCTGTTCTTGTGGAATTGGCAAAGGGATATTTG
NB500947:152:HCJ53BGXY:1:11101:13180:1109 1:N:0:GTTTCG,GTTGAATTGGCAGAGGGATATTTTGAAGCCCATAGAGGGCTATGGTGAAAAAGGAAATATCTTCCGTTCAAAACTGGAAAGAAGCT
NB500947:152:HCJ53BGXY:1:11101:10998:1109 1:N:0:GTTTCG,GGGCTTCCAAATATCCCTTTGCCAATTCCACAAGAACAGCCTTAGCGGAAGGCTTCTTGAAAGGAAAGATGGAACTCTGTGAGATG
NB500947:152:HCJ53BGXY:1:11101:4063:1110 1:N:0:GTTTCG,CTATGGGCTTCCAAATATCCCTTTGCCAATTCCACAAGAACAGCCTTAGCGAAAGGCTTCTTGAAGGGAAAGATGTAACTCTGTGA
NB500947:152:HCJ53BGXY:1:11101:18729:1110 1:N:0:GTTTCG,GGGAAGACCTCTTTGAATGCGCAGTTGGGCTCCTCATGGACTGCAAAGGAGGCAGCAGCCATTTCCGTGCCAGCTTGGCAGATGCC
NB500947:152:HCJ53BGXY:1:11101:19262:1110 1:N:0:GTTTCG,CCCTTTGACAATTCCACAAGAACAGCCTTAGCGAAAGGGTTCTTGAAGGGAAAGATGTAACTCTGTGAGATGAATTAACAGAACAC
NB500947:152:HCJ53BGXY:1:11101:24093:1110 1:N:0:GTTTCG,CCTCTATGGGCTTCCAAATATCCCTTTGCCAATTGCACAAGAAGAGCCTTAGCGAAAGGCTTCTTGAAGGGAAAGATGTAACTCTG
NB500947:152:HCJ53BGXY:1:11101:25414:1111 1:N:0:GTTTCG,GCAGGGACTTAATCAACGCAAGCTTATGACCCGCACTTACTGGGAATTCCTCGTTCATGGGGAATAATTGCAATCCCCGATCCCCA
NB500947:152:HCJ53BGXY:1:11101:14635:1112 1:N:0:GTTTCG,GCCCTCTATGGGCTTCCAAATATCCCTTTGCCAATTCCACAAGAACAGCCTTAGCGAAAGGCTTCTTGAAGGGAAAGATGTAACTC
NB500947:152:HCJ53BGXY:1:11101:10273:1112 1:N:0:GTTTCG,AGAAGCCTTTCGCTAAGGATGTTCTTGTGGAATTGGCAAAGGGATATTTGGAAGCCCATAGAGGGAGATCGGGAGAGAGGAAGTCT
NB500947:152:HCJ53BGXY:1:11101:12036:1113 1:N:0:GTTTCG,CATAGAGGGCTATGGTGAAAAAGGAAATATCTTCCGTTCAAAACTGGAAAGAAGCTTTCTGAGAAACTGCTCTGTGTTCTGTTAAT
NB500947:152:HCJ53BGXY:1:11101:1488:1113 1:N:0:GTTTCG,GCCCTCTATGGGCTTCCAAATATCCCTTTGCCAATTCCACAAGAACAGCCTTAGCGAAAGGCTTCTTGAACGGAAAGAAGAAACTC
NB500947:152:HCJ53BGXY:1:11101:1244:1113 1:N:0:GTTTCG,GGCAGGGACTTAATCAACGCAAGCTTATGACCCGCACTTACTGGGAATTCCTCGTTCATGGGGAATAATTGCAATCCCCGATCCCC
NB500947:152:HCJ53BGXY:1:11101:18715:1113 1:N:0:GTTTCG,GTGTACAAAGGGCAGGGACTTAATCAACGCAAGCTTATGACCCGCACTTACTGGGAATTCCTCGTTCATGGGGAATAATTGCAATC
NB500947:152:HCJ53BGXY:1:11101:2081:1114 1:N:0:GTTTCG,TATGTGATTCCAAATGTCACTTTGACAATTCCAACAGAAAAGCCTTAGAGAAAGGCTTCTTGAAGGGAAAGATGTAACTCTCTGAA
NB500947:152:HCJ53BGXY:1:11101:3587:1114 1:N:0:GTTTCG,CTGAAAAGAAGCTTTCTGAGAAACTGCTCTGTGTTCTGTTAATTCATCTCACAGAGTTACATCTTTCCCTTCAAGAAGCCTTTCGC
NB500947:152:HCJ53BGXY:1:11101:7271:1115 1:N:0:GTTTCG,TCCAGGGAGCAGTTCTGTGGAACTGCACCTTTTTTTTTTTTTTTTTGAGACTGCGGCTCCCTCTCTATCCCAGGCGGGAGTGCAGG
NB500947:152:HCJ53BGXY:1:11101:22101:1115 1:N:0:GTTTCG,CGGTCTGGTTGAGCTGGTCAAAACCGGTTAGAGCCGGTCTTGTCTGGTTTGAGCCAGTCAAAACCGGTTTGTGGCACGGTTATAGC
NB500947:152:HCJ53BGXY:1:11101:9732:1115 1:N:0:GTTTCG,GTGAAAAAGGAAATATCTTCTGTTCAAAACTGGAAAGAAGCTTTCTGAGAAACTGCTCTGTGTTCTGTTAATTCATCTCACAGAGT
NB500947:152:HCJ53BGXY:1:11101:5027:1116 1:N:0:GTTTCG,ATCAAAACGGACCAGACCGAATCAAACCAGGTTTGACCGGCTCAAACCCGACCAGACAGGCTTAAACCGGACCAGACCGGCTCAAA
NB500947:152:HCJ53BGXY:1:11101:23859:1116 1:N:0:GTTTCG,GATCGGAAGAGCACACGTCTGAACTCCAGTCACGTTTCGGAATCTCGTATGCCGTCTTCTGCTTGAAAAAAAAAAGGGGGGGGGGG
NB500947:152:HCJ53BGXY:1:11101:14333:1116 1:N:0:GTTTCG,CGCGTAACTAGTTAGCATGCCAGAGTCTCGTTCGTTATCGGAATTAACCAGACAAATCGCTCCACCAACTAAGAACGGCCATGAGA
NB500947:152:HCJ53BGXY:1:11101:17769:1117 1:N:0:GTTTCG,CAGAAAGCTTCTTTCCAGTTTTGAACGGAAGATATTTCCTTTTTCACCCTAGCACACGATGGGCTGCCACATCTCCCATAGACAAA
NB500947:152:HCJ53BGXY:1:11101:5712:1117 1:N:0:GTTTCG,CCTGGAAAGCTTCTTCCAGTTTTGAACGGAAGATATTTCCTTTTTCACCATACCCCTCTATGGGCTTCCAAATATCCCTTTGCCAA
NB500947:152:HCJ53BGXY:1:11101:24148:1117 1:N:0:GTTTCG,CCCGCTTCAACTCTCAAAGAAATGAGGAGGATGACTATGGAGGAGGTGATGCTGAGCCCATGGTCCTTTCTTGGCACTACCAAAGG
NB500947:152:HCJ53BGXY:1:11101:12432:1117 1:N:0:GTTTCG,AAGGGATATTTGGAAGCCCATAGAGGGCTATGGTGAAAAAGGAAGTATCTTCCGTTCAAAACTGGAAAGACGCTTTCTGAGAAACT
NB500947:152:HCJ53BGXY:1:11101:3959:1118 1:N:0:GTTTCG,AAGCCTTTCGCTAAGGCTGTTCTTGTGGAATTGGCAAAGGGATATTTGGAAGCCCATAGAGGGCTAGAGGCCAAATGTCAAAAACA
NB500947:152:HCJ53BGXY:1:11101:16539:1118 1:N:0:GTTTCG,AAGGCTGTTCTTGTGGAATTGGCAAAGGGATATTTGGAAGCCCATAGAGGGCTATGGTGAAAAAGGAAATATCTTCCGTTCAAAAC
NB500947:152:HCJ53BGXY:1:11101:3709:1118 1:N:0:GTTTCG,GCGCCCGCCACCGCGCCCGGCTAATTTTTGTATTTTTAGTAGAGGCAGGGTTTCACCGTGTTAGTCAGGATGGTCTCGATCTCCTG
NB500947:152:HCJ53BGXY:1:11101:24619:1118 1:N:0:GTTTCG,TGGGCTTCCAAATATCCCTTTGCCAATTCCACAAGAAGAGCCTTAGCGAAAGGCTTCTTAAAGGGAAACATGTAACTCTGTGAGAT
NB500947:152:HCJ53BGXY:1:11101:13216:1118 1:N:0:GTTTCG,TGTAACTCCGTGAGATGAATTAACAGAACACAGAGCAGTTTCTCAGAAAGCTTCTTTCCAGTTTTGAACGGAAGATATTTCCTTTT
NB500947:152:HCJ53BGXY:1:11101:1474:1119 1:N:0:GTTTCG,GGGATGACGGTGTGGTGGAACGGCTTCTGGCTGTTGAGCCCCTGCTGAGAGCTGTTTGGCGTGCACAGATCCGTTTCGGCACAATC
NB500947:152:HCJ53BGXY:1:11101:20059:1119 1:N:0:GTTTCG,GCCGGGGAGAGGGTCTTCCGTACGCCACATTTCCCGCGCCCCACCGCGGGGCGGGGATTCGGCGCTGGGCTCTTCCCTGTTCACTC
NB500947:152:HCJ53BGXY:1:11101:6176:1119 1:N:0:GTTTCG,GAAAGAAGCTTTCTGAGAAACCGCTCTGTGTTCTTTTAATTCATCTCACAGAGTTACATCTTTCCCTTCAAGAAGCCTTTCGCTAA
NB500947:152:HCJ53BGXY:1:11101:17594:1119 1:N:0:GTTTCG,GGAAAGATGTAACTCTGTGAGATGAATTAACAGAACACCGACCAGTTTCTCAGAAAGCATAGTTGCAGATGTCAAGGGATCAAAAT
NB500947:152:HCJ53BGXY:1:11101:23066:1119 1:N:0:GTTTCG,GGGCTTCCAAATATCCCTTTGCCAATTCCACAAGAACAGCCTTAGCGAAAGGCTTCTTAAAGGGAAAGATGTAACTCTGTGAGATG
NB500947:152:HCJ53BGXY:1:11101:4257:1120 1:N:0:GTTTCG,TCTAGAAGCCTTTCGCTAAGGCTGTTCTTGTGGAATTGGCAAAGGGATATTTGGAAGCCCATAGCGGGCTATGGTGAGATAGGAAA
NB500947:152:HCJ53BGXY:1:11101:16935:1120 1:N:0:GTTTCG,GGCCTCACTAAACCATCCAATCGGTAGTAGCGACGGGCGGTGTGTACAAAGGGCAGGGACTTAATCAACGCAAGCTTATGACCCGC
NB500947:152:HCJ53BGXY:1:11101:19561:1121 1:N:0:GTTTCG,TGAAAAAGGAAATATCTTCCGTTCAAAACTGGAAAGAAGCTTTCTGAGAAACTGCTCTGTGTTCTGTTAATTAATCTCACAGAGTT
NB500947:152:HCJ53BGXY:1:11101:22369:1121 1:N:0:GTTTCG,CGAGTCACAAGGAGAGGAGAGTGGAGAGGAGGAAGATTTCATCTTTGGGGCCGAAGAAGAAGACCCAGACGACACCCCCTCTGAAA
NB500947:152:HCJ53BGXY:1:11101:24243:1121 1:N:0:GTTTCG,CAGAAATCTTCTTACCAAGTTTGAACGGAAGATATTTCCTTTTTCACCATAGCCCTCTATGGGCTTCCAAATATCCCTTTGCCAAT
NB500947:152:HCJ53BGXY:1:11101:1695:1121 1:N:0:GTTTCG,TTCAAAACTGGAAAGAAGCTTTCTGAGAAACTGCTCTGTGTTCTGTTAATTCATCTCACAGAGTTACATCTTTCCCTTCAAGAAGT
NB500947:152:HCJ53BGXY:1:11101:7734:1121 1:N:0:GTTTCG,CTGCAGTCCTCCTCTTCTGCAAAGTTTGCCTCCCTTTCCTCTTTGCTGAACATAGAGAGGTAGCTGCGCTTTGCCAAAATGGGGTA
NB500947:152:HCJ53BGXY:1:11101:14485:1121 1:N:0:GTTTCG,CCTCTCACTTATTCTACACCTCTCATGTCTCTTCACCGTGCCAGACTAGAGTCAAGCTCAACAGGGTCTTCTTTCCCCGCTGATTC
NB500947:152:HCJ53BGXY:1:11101:10002:1122 1:N:0:GTTTCG,CTGAGAAACTGCTCTGTGTTCTGTTAATTCATCTGACAGAGTTACATCTTTCCCTTCAAGAAGACTTTCGCTAAGGCTGTTCTTGT
NB500947:152:HCJ53BGXY:1:11101:14632:1122 1:N:0:GTTTCG,CAAAACTGGAAAGAAGCTTTCTGAGAAACTGCTCTGTGTTCTGTTAATTCATCTCACAGAGTTACATCTTTCCCTTCAAGAAGCCT
NB500947:152:HCJ53BGXY:1:11101:12162:1123 1:N:0:GTTTCG,AAGCGATTCTTCTGCCTCAGCCTCCTGAGTAGTTGGGATTACAGGCACATGCCACCATGCCCAGCTAATTTTTGTATTTTTAGTAG
NB500947:152:HCJ53BGXY:1:11101:22950:1123 1:N:0:GTTTCG,GCAGGGACTTAATCAACGCAAGCTTATGACCCGCACTTACTGGGAATTCCTCGTTCATGGGGAATAATTGCAATCCCCGATCCCCA
NB500947:152:HCJ53BGXY:1:11101:19311:1124 1:N:0:GTTTCG,GGGGCCTGGCACCCGTGCCGGGCAGCCTTACACCAGCCATGCCCGTGGCACCACATGTGTCTTCTCACTCGCGAGGTCTGGTGCCC
NB500947:152:HCJ53BGXY:1:11101:25909:1124 1:N:0:GTTTCG,ATGGGCTTCCAAATATCCCTTTGCCAATTCCACAAGAACAGCCTTAGCGAAAGGCTTCTTGAAGGGAAAGATGTAACTCTGTGAGA
NB500947:152:HCJ53BGXY:1:11101:10399:1124 1:N:0:GTTTCG,CAATTCCAGAAGAACAGCCTTAGCGAAAGGCTTCTTGAAGGGGAAGATGTAACTCTGCGAGATGAATTAACAGAACACAGAGCAGT
NB500947:152:HCJ53BGXY:1:11101:23498:1125 1:N:0:GTTTCG,GAAAGATGTACCTCTGTGAGATGAATTAAAAAAACACAGACCAGTTTCTCAGAAAGCTTCTTTCGAGTTTTTAACGGAAGATATTT
NB500947:152:HCJ53BGXY:1:11101:8369:1126 1:N:0:GTTTCG,CACAGAGTTACATCTTTCCCTTCAAGAAGCTTTTCGCTAAGGCTGTTGTTGTGGAATTGGCAAAGGGATATTTGGAAGCCCATAAA
NB500947:152:HCJ53BGXY:1:11101:13442:1126 1:N:0:GTTTCG,GCGGTGTGTACAAAGGGCAGGGACTTAATCAACGCAAGCTTATGACCCGCACTTACTGGGAATTCCTCGTTCATGGGGAATAATTG
NB500947:152:HCJ53BGXY:1:11101:22842:1128 1:N:0:GTTTCG,GCGCCTGCTGCCTTCCTTGGATGTGGTAGCCGTTTCTCAGGCTCCCTCTCCGGAATCGAACCCTGATTCCCCGTCACCCGTGGTCA
NB500947:152:HCJ53BGXY:1:11101:6127:1128 1:N:0:GTTTCG,ATTTTATGGTTTTTTTTTGTTTTTTGAAACGGAGTCTCACTCTGTCGCCCAGGCTTGAGTGCAGTGGCGCGATCTCAGCTCACTGC
NB500947:152:HCJ53BGXY:1:11101:4887:1129 1:N:0:GTTTCG,GGAAGATATTTCCTTTTTCACCATAGCCCTCTATGGGCTTCCAAATATCCCTTTGCCAATTCCACAAGAACAGCCTTAGCGAAAGG
NB500947:152:HCJ53BGXY:1:11101:7003:1129 1:N:0:GTTTCG,CTATGGGCTTCCAAATATCCCTTTGCCAATTCCACAAGAACAGCCTTAGCGAAAGGCTTCTTGAAGGGAAAGATGTAACTCTGTGA
NB500947:152:HCJ53BGXY:1:11101:12790:1129 1:N:0:GTTTCG,CCCGCACTTACTGGGAATTCCTCGTTCATGGGGAATAATTGCAATCCCCGATCCCCATCACGAATGGGGTTCAACGGGTTACCCGC
NB500947:152:HCJ53BGXY:1:11101:3236:1129 1:N:0:GTTTCG,GCCTGCTGCCTTCCTTGGATGTGGTAGCCGTTTCTCAGGCTCCCTCTCCGGAATCGAACCCTGATTCCCCGTCACCCGTGGTCACC
NB500947:152:HCJ53BGXY:1:11101:11489:1129 1:N:0:GTTTCG,TGGAAAGAAGCTTTCTGAGAAACTTCTCTGTGTTCTGTGAATTCATCTCACAGAGTTACATATTTACATTAAAGAAGCCATACCCT
NB500947:152:HCJ53BGXY:1:11101:14955:1129 1:N:0:GTTTCG,CCCAGGTTTGAACAGAAGATATTTCCTTTTTCACCATAGCCCTCTATGGGCTTCCAATTATCCCTTTGCCAATTCCACAAGAACAG
NB500947:152:HCJ53BGXY:1:11101:3803:1129 1:N:0:GTTTCG,ATTATTCCATCTACAAAAAAATGTCCAAGCCGGGCTTGGTGGCTCATGCCTATAATCTCAGCAGTTTAGGAAGCTGAGGCGGGAGG
NB500947:152:HCJ53BGXY:1:11101:25763:1129 1:N:0:GTTTCG,AAAGATGTAACTCTGTGAGATGAATTAACAGAACATAGAACAGTTTCTCAGAAAGCTTCTTTCCAGTTTTGAACGGAAGATATTTC
NB500947:152:HCJ53BGXY:1:11101:2577:1130 1:N:0:GTTTCG,AACAGCCTTAGCGAAAGGCTTCCTGAAGGGAAAGATGTAACTTTGTGAGATGAATTAACAGAACGCAGCGCAGTTTTTCAGAAAGC
NB500947:152:HCJ53BGXY:1:11101:17191:1130 1:N:0:GTTTCG,AAGAACAGCCTTAGCGAAAGGCTGCTTGAAGGGAAAGATGTAACTCTGTGAGATGAATTCACAGAACACAGAGAAGTTTCTCAGAA
NB500947:152:HCJ53BGXY:1:11101:7529:1130 1:N:0:GTTTCG,AGGAAATATCTTCCCTTCATAACTGGAAAGAAGCTTTCTGAGAAACTGCTCTGTGTTCTGTTAATTCATCTCACAGAGTTACATCT
NB500947:152:HCJ53BGXY:1:11101:7948:1130 1:N:0:GTTTCG,CTGCTCTGTGTTCTGTTCATTCATCTCACAGAGTTACATCTTCCCCTTCAAGAAGCCTTTCGCTAAGGCTGTTCTTGTGGAATTGG
NB500947:152:HCJ53BGXY:1:11101:9981:1130 1:N:0:GTTTCG,GCCTTAGCGAAAGGCTTCTTGAAGGGAAAGATGTAACTCTGTGAGATGAATTCACAGAACACAGAGCCGTTTCTCAGAAAGCTTAT
NB500947:152:HCJ53BGXY:1:11101:25196:1131 1:N:0:GTTTCG,CCCTCCTACTCGTCGCGGCGTAGCGTCCGCGGGGCTCCGGGGGCGGGCCGGGGGGGAGGAGGAGGAGGGGAGCCGGCCCGCCGCGC
NB500947:152:HCJ53BGXY:1:11101:19588:1131 1:N:0:GTTTCG,GTTTCTTTTCCTCCGCTGACTAATATGCTTAAATTCAGCGGGTCGCCACGAGATCGGAAGAGCACACGTCTGAACTCCAGTCACGT
NB500947:152:HCJ53BGXY:1:11101:21273:1131 1:N:0:GTTTCG,CTTCAAGAAGCCTTTCGCTAAGGCTGATCTGGGGCGATTGGCAAACTGATATTAGGACGCCAATAGAGGGCTATGGTGAAAAAGGA
NB500947:152:HCJ53BGXY:1:11101:17353:1131 1:N:0:GTTTCG,GAGATGAATTCACAGAACACAGAGCAGTTTCTCAGAAAGGTTCTTTCCAGTTTTGAACGGAAGATATTTCCTTTTTCAGATAGGAA
NB500947:152:HCJ53BGXY:1:11101:8100:1131 1:N:0:GTTTCG,CAAAGCTTCTGTCCAGTTTTGAACGGAAGATATTTCCTTTTTCACCATAGCCCTCTATGGGCTTCCAAATATCCCTTTACCAATTC
NB500947:152:HCJ53BGXY:1:11101:14472:1131 1:N:0:GTTTCG,GTGTTAGCCAGGATGGTCTCCATCTCCTGACCTCTTGATCCGCCCGCCTTGGCCTCCCAAAGTGCTGGGATTACAGGCATGAGCCA
NB500947:152:HCJ53BGXY:1:11101:18121:1131 1:N:0:GTTTCG,GAAAGATGTAACTCTGTGAGATGAATTAACAGAACACAAAGCGGTTTCTCAGAAAGCTTCTTTCCAGTTTTGAACGGAAGATATTT
NB500947:152:HCJ53BGXY:1:11101:25246:1131 1:N:0:GTTTCG,CCGAGATGGGCGGATCACGAGGTCAGGAGATCGAGACCATCCTGGCTAACACGGTGAAACCCCGTCTCTACTAAACAAATACAAAA
NB500947:152:HCJ53BGXY:1:11101:16645:1132 1:N:0:GTTTCG,CCTTTGCCAATTCCACAAGAACAGCCTTAGCGAAAGGCTTCTTGAAGGGAAAGATGTAACTCTCTGAGATGAATTAAATCGCAAGA
NB500947:152:HCJ53BGXY:1:11101:18081:1132 1:N:0:GTTTCG,CCGGGGAGAGGGTCTTCCGTACGCCACATTTCCCGCGCCCCACCGCGGGGCGGGGATTCGGCGCTGGGCTCTTCCCTGTTCACTCG
NB500947:152:HCJ53BGXY:1:11101:6189:1133 1:N:0:GTTTCG,GCAAAGCGATATTTGGAAGACCGTAGAGGGCTATGGTGAAGAAGGATATATCTTCCGTTAAAAACTGGAAAGAGGCTTTCTGAGAA
NB500947:152:HCJ53BGXY:1:11101:4445:1137 1:N:0:GTTTCG,TTCAAAACTGGAAAGAAGCTTTCTGAGAAACTGCTCTGTGTTCTGTAAATTCATCTCACAGAGTTACATCTTTCCCAGATAGGAAC
NB500947:152:HCJ53BGXY:1:11101:22522:1137 1:N:0:GTTTCG,GCGCCTGCTGCCTTCCTTGGATGTGGTAGCCGTTTCTCAGGCTCCCTCTCCGGAATCGAACCCTGATTCCCCGTCACCCGTGGTCA
NB500947:152:HCJ53BGXY:1:11101:10853:1137 1:N:0:GTTTCG,TGAGTCTCTCCCTGTCACCCAGGCTGGAGTGCAGTGGCGCAATCTCAGCTCACTGCAACCTCTGCCTCCCGGGTTCGAGCAATTCT
NB500947:152:HCJ53BGXY:1:11101:22074:1137 1:N:0:GTTTCG,GACCCGCACTTACTGGGAATTCCTCGTTCATGGGGAATAATTGCAATCCCCGATCCCCATCACGAATGGGGTTCAACGGGTTACCC
NB500947:152:HCJ53BGXY:1:11101:15359:1137 1:N:0:GTTTCG,GATATTTGAAAGCCATAGAGGGCTATGGTGTAAAAGGAAATGTCTTCCGTTCAAAACTGGAAAGAAGCTTTCTGAGAAACTGCTCT
NB500947:152:HCJ53BGXY:1:11101:25949:1138 1:N:0:GTTTCG,TCCTTTTTCACCATAGCCCTCTATGGGCTTCCAAATATCCAATTCCCATATCCACAAGAAAATCCATAGCGATAGCCTTCTTGAAG
NB500947:152:HCJ53BGXY:1:11101:16103:1138 1:N:0:GTTTCG,GCCAGTTATCCCTGTGGTAACTTTTCTGACACCTCCTGCTTAAAACCCAAAAGGTCAGAAGGATCGTGAGGCCCCGCTTTCACGGT
NB500947:152:HCJ53BGXY:1:11101:2170:1138 1:N:0:GTTTCG,CGAAATATCCCTTTGCCAATTCCACAAGAACAGCCTTAGCGAAAGGCTTCTTGAAGGGAAAGATGTAACTCTGTGAGATGAATTAA
NB500947:152:HCJ53BGXY:1:11101:4567:1138 1:N:0:GTTTCG,ATGGGCTTCCAAATATCCCTTTGCCAATTCCACAAGAACAGCCTTAGCGAAAGGCTTCTTGAAGGGAAAGATTTAACTCTGTGAGA
NB500947:152:HCJ53BGXY:1:11101:23820:1139 1:N:0:GTTTCG,CTCAGAAAGCTTCTTTCCAGTTTTGAACGAAGATACTTCCTTTTTCACCATAGCCCACTATGGGCTTCCAAATATCCCTTTGCCAA
NB500947:152:HCJ53BGXY:1:11101:13892:1139 1:N:0:GTTTCG,GGGGTTTTTTGTTTGTTTGTTTTTGTTTGTGTGTGTTTGTTTTGTTTTGTTTTTGAGACAAGGTCTTGCTGTTACCCAGACTGAAG
NB500947:152:HCJ53BGXY:1:11101:14447:1139 1:N:0:GTTTCG,GCCGCCCCCACGAACGTGCGTTGCGTGACGGGCGAGGGGGCGGCCGCCTTTCCGGCCGCACCCCGTTTCCCAGGACGAAGGGCACT
NB500947:152:HCJ53BGXY:1:11101:18848:1139 1:N:0:GTTTCG,CAGTTTTGAACGGAAGATATTTCCTTTTTCACCATAGCCCTCTATCGGCTTCCAAATATCCCTTTGCCAATTCCACAAGAACAGCT
NB500947:152:HCJ53BGXY:1:11101:3845:1140 1:N:0:GTTTCG,GGCAGGGTCTCGCTATGTTGCCCAGGCTGGAGTGCAGTGGCTATTCACAGGCGCGATCCCACTACTGATCAGCACGGGAGTTTTGA
NB500947:152:HCJ53BGXY:1:11101:22809:1140 1:N:0:GTTTCG,CACCATAGGCCTCTATGGGCTTCCAAATATCCCTTTGCCAATTCCACAAGAACAGCCTTAGCGAGAGGCGTCATGAGGGGAAAGCA
NB500947:152:HCJ53BGXY:1:11101:7981:1140 1:N:0:GTTTCG,GCAGCTCTCTGGAGAAGGCGATTTACCGAGCCGACAAGAAAAAATGTGCACGAACTGCGAAGGTATTCATGGACAGGGGAACTCTC
NB500947:152:HCJ53BGXY:1:11101:26052:1140 1:N:0:GTTTCG,GTGGAATTGGCAAAGGGATATTTGGAAGCCCATAGAGGGCTATGGTGAAAAAGGAAATATCTTCCGTTCAAAACTGGAAAGAAGCT
NB500947:152:HCJ53BGXY:1:11101:11691:1140 1:N:0:GTTTCG,TGGGCTTCCAAATATCCCTTTGCCAATTGCACAAGAACAGCCTTAGCGAAACGCTTCTTGAAGGGAAAGATGTAACTCTGTGAGAT
NB500947:152:HCJ53BGXY:1:11101:8352:1141 1:N:0:GTTTCG,AAGAAGCTTTCTGAGAAACTGCTCTGTGTTCTGTTAATTCATCTCACAGAGTTACGTCTTTCCCTTCAAGAAGCCTTTCGCTAAGG
NB500947:152:HCJ53BGXY:1:11101:18488:1141 1:N:0:GTTTCG,GGGCCTCCCACTTATTCTACACCTCTCATGTCTCTTCACCGTGCCAGACTAGAGTCAAGCTCAACAGGGTCTTCTTTCCCCGCTGA
NB500947:152:HCJ53BGXY:1:11101:2544:1141 1:N:0:GTTTCG,GGCTTGCTGAAGGTCCCTGTAACATTGGACATACCTCCACCTGCTTCTCCGCATGGCTGGGCTGGCTCTGCATCTCTCCTCTTGTG
NB500947:152:HCJ53BGXY:1:11101:22208:1141 1:N:0:GTTTCG,CCTCATCCGGTCAAAACCGGTTTTAGCCGGTCAAAACTGGTTTCATCCTGTCTGGTGTGGTTTGAGCAGTTCAAAACCGGTTTGAC
NB500947:152:HCJ53BGXY:1:11101:21099:1142 1:N:0:GTTTCG,CCGGCGGGGCCGATCCGAGGGCCTCACTAAACCATCCAATCGGTAGTAGCGACGGGCGGTGTGTACAAAGGGCAGGGACTTAATCA
NB500947:152:HCJ53BGXY:1:11101:19312:1142 1:N:0:GTTTCG,GAGAAACTGCTCCGTGTTCTGTTAATTCATCTCACAGAGTTACATCTTTCCCTTCAAGAAGCCTTTCGCTAAGGCTGTTCTTGTGG
NB500947:152:HCJ53BGXY:1:11101:24749:1142 1:N:0:GTTTCG,TAAAACTACAAAAATTAGCCTGGCGTGGTGGCGGGTGCCTGTAATCCCAGCTACTCGGGAGGCTGAGGCAGGAGAATTGCTTGAGC
NB500947:152:HCJ53BGXY:1:11101:11807:1142 1:N:0:GTTTCG,GTGAAAAAGGTAATATCTTCCGTTCAAAACTGGAAAGAAGCTTTCTGAGATCCTGTTATGTGTTTGTTAATTCCTCTCACAGATTT
NB500947:152:HCJ53BGXY:1:11101:26517:1142 1:N:0:GTTTCG,CTCAGAAAGCGTCTTTCCAGTTTTGAACGGAAGATATTTCCTTTTTCACCATAGAGCTCTATGGACTTCCAAAAATACCTGTACAA
NB500947:152:HCJ53BGXY:1:11101:8902:1142 1:N:0:GTTTCG,AGCGACGTCGCTATGAACGCTTGGCCGCCACAAGCCAGTTATCCCTGTGGTAACTTTTCTGACACCTCCTGCTTAAAACCCAAAAG
NB500947:152:HCJ53BGXY:1:11101:11109:1142 1:N:0:GTTTCG,GTTACATCTTTCCCTTCAAGAAGCCTTTCGCTAAGGCTGTTCTTGTGCATTTGGAAAAGGGATATTTCGAAGCCCATAGAGGGCTA
NB500947:152:HCJ53BGXY:1:11101:20320:1143 1:N:0:GTTTCG,CTGTATTCGTACTGAAAATCAAGATCAAGCGAGCTTTTGCCCTTCTGCTCCACGGGAGGTTTCTGTCCTCCCTGAGCTCGCCTTAG
NB500947:152:HCJ53BGXY:1:11101:16937:1143 1:N:0:GTTTCG,CTCTCATGTCTCTTCACCGTGCCAGACTAGAGTCAAGCTCAACAGGGTCTTCTTTCCCCGCTGATTCCGCCAAGCCCGTTCCCTTG
NB500947:152:HCJ53BGXY:1:11101:12572:1144 1:N:0:GTTTCG,CTCTGTGAGACGAATTAACAGAACACAGAGCAGTTTCTCAGAAAGCTTCTGTCCAGTTTTGAACGGAAGATATTTCCTGTTTAACC
NB500947:152:HCJ53BGXY:1:11101:26138:1144 1:N:0:GTTTCG,AGGAAATATCTTCCGTTGAAAACTGGAAAGAAGCTTTCTGAGAAACTGCTCTGTGAACTGTTAATTCCTCTCACAGAGTAACATCT
NB500947:152:HCJ53BGXY:1:11101:18774:1144 1:N:0:GTTTCG,AACTGCTCTGTGTTCTGTTAATTCATCTCACAGAGTTACATCTATCAATACAAGAAGACTTAAAATAAGGCTGTTCTTGTGGTATT
NB500947:152:HCJ53BGXY:1:11101:13179:1144 1:N:0:GTTTCG,CGATCTCGGCTCACCACAACCTCCGCCTCCTGGGTTCAAGCCATTCTCCTGCCTCAGCCTCCCGAGTAGCTGGGATTACAGGCATG
NB500947:152:HCJ53BGXY:1:11101:23297:1144 1:N:0:GTTTCG,TGGCTTGCTGCAACTTCAACCTCCCAGTTTCAAGCGATTCTTCTGCCTCAGCCTCCCAAGTAGCTGGGACTACAAGTGCACGCCAC
NB500947:152:HCJ53BGXY:1:11101:25136:1145 1:N:0:GTTTCG,GTGAATTCATCTCACAGAGTTACATCTTTCCCGTCAAGCAGCCTTTCGCTAAGGCTGTTCTTGTGGAATTGGCAAAGGGATATTTG
NB500947:152:HCJ53BGXY:1:11101:21917:1145 1:N:0:GTTTCG,GTGGCACAAAAGGAAGGACTTTGAGACTGAATTCAAGACCATCAGGGCCAGCAATGCCAGAGTCGAAGGGACATTCTACCCTATTG
NB500947:152:HCJ53BGXY:1:11101:24062:1145 1:N:0:GTTTCG,GATCGGAAGAGCACACGTCTGAACTCCAGTCACGTTTCGGAATCTCGTATGCCGTCTTCTGCTTGAAAAAAAAAAGGGGGGGGGGG
NB500947:152:HCJ53BGXY:1:11101:10691:1146 1:N:0:GTTTCG,TTCCTTTTTCACCATAGCCCTCTATGGGCTTCCAAATATCCCTTTGCCAATTCAACAAGAACAGCCTTAGCGAAAGGCTTCTTGAA
NB500947:152:HCJ53BGXY:1:11101:7190:1146 1:N:0:GTTTCG,GGCTTCTTGAAGGGAAAGATGTAACTCTGTGAGATGAATTAACAGAACACAGAGCAGTTTCTCAGAAAGCTTCTTTCCAGTTTTGA
NB500947:152:HCJ53BGXY:1:11101:15596:1146 1:N:0:GTTTCG,CTCTACTAAAAATACAAAAAAATTAGCTGGGTATGGTGTAAGGCACCTGTAATCCCAGCTACTTCGGAGGCTGAGGCAGGAGAATC
NB500947:152:HCJ53BGXY:1:11101:5447:1146 1:N:0:GTTTCG,TATTTCCTTTTTCACCATAGCCCTCTGTGGGCTTCCAAATATCCCTTTGCCAATTCCACAAGAACAGCCTTAGCGAAAGGCTTCTT
NB500947:152:HCJ53BGXY:1:11101:4380:1147 1:N:0:GTTTCG,CCTTAGTGAAATGCTTCTTGAAGGGAAAGAAGAACACAGAGCAGTTTCTCAGATAGCTTCTTTCCAGTTTTGAACATAAGATATTT
NB500947:152:HCJ53BGXY:1:11101:21332:1147 1:N:0:GTTTCG,GAAAGATGTAACTCTGTGAGATGAATTAACAGAACACAGAGCAGTTTCTCAGAAAGCTTCTTTCCAGTTTTGAACTTAAGATATTT
NB500947:152:HCJ53BGXY:1:11101:10902:1147 1:N:0:GTTTCG,CAGAACACAGAGTAGTTTCTCAGAAAGCTTCTTTCCAATTTTGAACGGAAGATATTTCCTTTTTCACCATAGCCCTCTATGGACTT
NB500947:152:HCJ53BGXY:1:11101:25513:1148 1:N:0:GTTTCG,GAAAGATGTAACTATGTGAGATGAATTAACAGAACACAGAGCAGTTTCTCAGAAAGCTTCTTTCCAGATATGAAAGGAACAGAATT
NB500947:152:HCJ53BGXY:1:11101:7278:1148 1:N:0:GTTTCG,GGCGTCCACTCAGGACAGGGACCTGGACATGGTTCAAGTGGTTCTCGAGGACATGGGCCCAATTGGAATGTGGGAGGAGGTGAATG
NB500947:152:HCJ53BGXY:1:11101:24565:1149 1:N:0:GTTTCG,GTTCAAAACTGGAAAGAAGCTTTCTGAGAAACTGCTCTGTGTTCTGTTAATTCATCTCACATAGTTACATCTTTCCCTTCAAGAAG
NB500947:152:HCJ53BGXY:1:11101:17285:1149 1:N:0:GTTTCG,CGACAAGAAAAAATGTGCACGAACTGCGAAGGTATTCATGGACAGGGGAACTCTCCCGGACATTAGAAGTTGGGAAGACCTCTTTG
